feature,coefficient
advice_analysis,4.20164243064193
judgment_skills,1.424096606853818
ai_exposure,0.3337711239345135
math_skill,-0.03594875083361376
finance_knowledge,-0.30869207295325823
job_zone,-0.950530482078501
process_activities,-3.5877933024319253
